1,CDFH3301061995000003,영업/정상,영업중,02-738-7861,,서울특별시 종로구 내자동 1-3번지 ,서울특별시 종로구 자하문로 3 (내자동),03041,경복궁휘트니스,체력단련장업,사립
2,CDFH3301062001000004,영업/정상,영업중,02-733-3457,110062,서울특별시 종로구 신문로2가 12-5번지 신문로빌딩4층 ,서울특별시 종로구 새문안로 38 (신문로2가),03184,바디발란스휘트니스,체력단련장업,사립
3,CDFH3301062002000001,영업/정상,영업중,,,서울특별시 종로구 낙원동 150-1번지 파고다빌딩 ,서울특별시 종로구 수표로26길 12 (낙원동),03139,파고다,체력단련장업,사립
4,CDFH3301062002000002,영업/정상,영업중,02-740-4211,,서울특별시 종로구 원남동 66-21번지 보령빌딩 ,서울특별시 종로구 창경궁로 136 (원남동),03127,보령헬스피아,체력단련장업,사립
5,CDFH3301062007000001,영업/정상,영업중,02-2250-7141,,서울특별시 종로구 숭인동 1388번지 동양파라빌 ,"서울특별시 종로구 난계로 251, 지하1층 (숭인동)",03116,제이휘트니스,체력단련장업,사립
6,CDFH3301062007000003,영업/정상,영업중,02-747-9686,110524,서울특별시 종로구 명륜4가 188-4번지 동화빌딩 4층 ,서울특별시 종로구 창경궁로 234 (명륜4가),03079,바디스타3,체력단련장업,사립
7,CDFH3301062004000002,영업/정상,영업중,02-741-9696,,서울특별시 종로구 혜화동 185번지 중원빌딩 ,"서울특별시 종로구 대학로 144, 3층 (혜화동)",03084,바디스타휘트니스클럽,체력단련장업,사립
8,CDFH3301062004000005,영업/정상,영업중,744-3373,110460,서울특별시 종로구 연건동 198-7번지 ,서울특별시 종로구 율곡로 202-7 (연건동),03127,제일메가스포,체력단련장업,사립
9,CDFH3301062005000001,영업/정상,영업중,02-741-3303,110522,서울특별시 종로구 명륜2가 211번지 유니지오 빌딩 6층 ,서울특별시 종로구 성균관로 12 (명륜2가),03074,AB휘트니스클럽,체력단련장업,사립
10,CDFH3301062006000001,영업/정상,영업중,02-737-7797,110111,서울특별시 종로구 관철동 155번지 종로1번가빌딩 지하2층 ,"서울특별시 종로구 청계천로 67, 지하2층 (관철동, 종로1번가빌딩)",03189,인어스(INUS),체력단련장업,사립
11,CDFH3301062006000003,영업/정상,영업중,02-733-0114,,서울특별시 종로구 내수동 72번지 경희궁의아침 3단지 ,"서울특별시 종로구 사직로8길 34, B2층 (내수동)",03174,주-스포짐,체력단련장업,사립
12,CDFH3301062019000005,영업/정상,영업중,02-6370-5154,,서울특별시 종로구 공평동 5-1번지 ,"서울특별시 종로구 우정국로 26, 센트로폴리스 빌딩 3층 (공평동)",03161,센트로폴리스 피트니스,체력단련장업,사립
13,CDFH3301062019000006,영업/정상,영업중,,,서울특별시 종로구 관철동 7-5번지 ,"서울특별시 종로구 삼일대로17길 8, 대신빌딩  (관철동)",03190,아지트,체력단련장업,사립
14,CDFH3301062019000002,영업/정상,영업중,,,서울특별시 종로구 내수동 95번지 경희궁 파크팰리스 ,"서울특별시 종로구 사직로8길 20, B1층 109호 (내수동, 경희궁 파크팰리스)",03174,한상현GYM,체력단련장업,사립
15,CDFH3301062019000003,영업/정상,영업중,,,서울특별시 종로구 관철동 180번지 스타골드빌딩 ,"서울특별시 종로구 삼일대로17길 51, 스타골드빌딩 B1층 (관철동)",03189,리썸,체력단련장업,사립
16,CDFH3301062010000002,영업/정상,영업중,02-742-0747,,서울특별시 종로구 창신동 23-76번지 브라운스톤 지하1층 ,"서울특별시 종로구 지봉로 81, 지하1층 (창신동, 브라운스톤 창신)",03095,스톤휘트니스,체력단련장업,사립
17,CDFH3301062016000006,영업/정상,영업중,02-765-4202,,서울특별시 종로구 연건동 28-2번지 학생관5 2층 ,"서울특별시 종로구 대학로 103, 2층 (연건동, 학생관5)",03080,필웨이,체력단련장업,사립
18,CDFH3301062016000007,영업/정상,영업중,,,서울특별시 종로구 종로3가 119번지 지하1층 ,"서울특별시 종로구 종로 120, 지하1층 (종로3가, 동영타워)",03192,원알엠피트니스,체력단련장업,사립
19,CDFH3301062017000001,영업/정상,영업중,02-395-0653,,서울특별시 종로구 평창동 158-1번지 ,"서울특별시 종로구 평창문화로 75, B동 3층 301호 (평창동, 글로리아타운)",03009,PT.ROOT,체력단련장업,사립
20,CDFH3301062017000002,영업/정상,영업중,,,서울특별시 종로구 내수동 95번지 경희궁 파크팰리스 ,"서울특별시 종로구 사직로8길 20, 112호 (내수동, 경희궁 파크팰리스)",03174,몬스터짐 광화문본점,체력단련장업,사립
21,CDFH3301062018000001,영업/정상,영업중,02-396-0653,,서울특별시 종로구 구기동 95-16번지 ,서울특별시 종로구 진흥로22길 8-1 (구기동),03012,피티루트,체력단련장업,사립
22,CDFH3301062018000002,영업/정상,영업중,02-395-2234,,서울특별시 종로구 평창동 158-1번지 글로리아타운 ,"서울특별시 종로구 평창문화로 75, 글로리아타운 2층 203~204호 (평창동)",03009,로얄EMS.PT,체력단련장업,사립
23,CDFH3301062019000001,영업/정상,영업중,02-739-9618,,서울특별시 종로구 신문로1가 116번지 에스타워 ,"서울특별시 종로구 새문안로 82, 에스타워 지하1층 (신문로1가)",03185,스포애니 광화문역점,체력단련장업,사립
24,CDFH3301062016000001,영업/정상,영업중,070-7664-9682,,서울특별시 종로구 내수동 95번지 107호,"서울특별시 종로구 사직로8길 20, 107호 (내수동, 파크팰리스)",03174,바디밸런스,체력단련장업,사립
25,CDFH3301062016000003,영업/정상,영업중,070-7534-9682,,서울특별시 종로구 사직동 9번지 ,"서울특별시 종로구 사직로8길 4, 301동 B108호 (사직동, 광화문풍림스페이스본)",03168,100일 PT 샵,체력단련장업,사립
26,CDFH3301062016000004,영업/정상,영업중,,,서울특별시 종로구 삼청동 12번지 ,서울특별시 종로구 삼청로 135 (삼청동),03049,디앤브이 피트니스,체력단련장업,사립
27,CDFH3301062018000006,영업/정상,영업중,02-722-3770,,서울특별시 종로구 교남동 47번지 ,"서울특별시 종로구 경교장1길 15, 3층 (교남동)",03180,더타임,체력단련장업,사립
28,CDFH3301062018000007,영업/정상,영업중,027204720,,서울특별시 종로구 필운동 227번지 ,"서울특별시 종로구 사직로 97, 7층 (필운동)",03041,종로테니스교실,체력단련장업,사립
29,CDFH3301062010000003,영업/정상,영업중,02-2278-0555,,서울특별시 종로구 관수동 21-7번지 국일관드림팰리스 지상10층 ,"서울특별시 종로구 수표로 96, 10층 (관수동, 국일관 드림팰리스)",03192,바디스타 짐,체력단련장업,사립
30,CDFH3301062010000004,영업/정상,영업중,,110530,서울특별시 종로구 혜화동 109-4번지 지상3층 ,서울특별시 종로구 혜화로 4 (혜화동),03076,바디팩토리,체력단련장업,사립
31,CDFH3301062011000001,영업/정상,영업중,,,서울특별시 종로구 사직동 9번지 광화문풍림스페이스본 ,"서울특별시 종로구 사직로8길 4, 301동 지하2층 (사직동, 광화문풍림스페이스본)",03168,스페이스본 휘트니스센터,체력단련장업,사립
32,CDFH3301062011000002,영업/정상,영업중,02-924-0251,110827,서울특별시 종로구 숭인동 766번지 종로청계힐스테이트 상가 나동 B01호 ,서울특별시 종로구 숭인동길 21 (숭인동),03112,착한휘트니스(신설동점),체력단련장업,사립
33,CDFH3301062014000002,영업/정상,영업중,739-3392,110122,서울특별시 종로구 종로2가 19번지 ,서울특별시 종로구 종로 83 (종로2가),03164,휴먼웰니스 피티 짐,체력단련장업,사립
34,CDFH3301062015000002,영업/정상,영업중,02-3414-2077,110777,서울특별시 종로구 세종로 100번지 ,"서울특별시 종로구 세종대로 178 (세종로, 광화문빌딩 west)",03154,(재)케이티그룹희망나눔재단 광화문-west,체력단련장업,사립
35,CDFH3301062015000003,영업/정상,영업중,02-725-2711,,서울특별시 종로구 통의동 66번지 ,"서울특별시 종로구 자하문로 18-1, 지하1층 (통의동)",03044,711GYM,체력단련장업,사립
36,CDFH3301062015000004,영업/정상,영업중,733-7980,110110,서울특별시 종로구 서린동 88번지 관정빌딩 지하2층 ,"서울특별시 종로구 청계천로 35, 지하2층 (서린동, 관정빌딩)",03188,스포짐,체력단련장업,사립
37,CDFH3301062015000006,영업/정상,영업중,,,서울특별시 종로구 평창동 150-5번지 ,"서울특별시 종로구 평창문화로 98, 3층 (평창동, 행운빌딩)",03011,워너짐,체력단련장업,사립
38,CDFH3301062018000003,영업/정상,영업중,,,서울특별시 종로구 이화동 21번지 ,"서울특별시 종로구 율곡로17길 8, 풍임빌딩 2층 (이화동)",03100,필라테스.피티.시도하다,체력단련장업,사립
39,CDFH3301062018000004,영업/정상,영업중,027320020,,서울특별시 종로구 견지동 110번지 종로1가 대성 스카이렉스 ,"서울특별시 종로구 삼봉로 95, 종로1가 대성 스카이렉스 지하1층 비101-112호 (견지동)",03150,(주)케이에스스포짐,체력단련장업,사립
40,CDFH3301062018000005,영업/정상,영업중,02-747-1622,,서울특별시 종로구 창신동 23-816번지 창신이수아파트 ,"서울특별시 종로구 지봉로 87, 지하1층 101호 (창신동, 창신이수아파트)",03095,클래식바디짐,체력단련장업,사립
41,CDFH3301062010000001,영업/정상,영업중,02-391-3335,110846,서울특별시 종로구 평창동 76번지 지하1층 ,서울특별시 종로구 평창24길 12 (평창동),03010,M2 GYM,체력단련장업,사립
42,CDFH3301062016000002,영업/정상,영업중,02-732-1020,,서울특별시 종로구 종로1가 24번지 ,"서울특별시 종로구 종로 19, 4층 415~416호 (종로1가, 르메이에르종로타운)",03157,다함PT,체력단련장업,사립
43,CDFH3301062020000005,영업/정상,영업중,02-747-8296,,서울특별시 종로구 내자동 5번지 목천빌딩 ,"서울특별시 종로구 사직로 119, 목천빌딩 7층 (내자동)",03041,홍핏(HONG FIT),체력단련장업,사립
44,CDFH3301062020000003,영업/정상,영업중,,,서울특별시 종로구 소격동 48번지 ,"서울특별시 종로구 삼청로 54, 3층 (소격동)",03053,Wellness K(웰니스 케이),체력단련장업,사립
45,CDFH3301062020000004,영업/정상,영업중,,,서울특별시 종로구 교남동 47-3번지 ,서울특별시 종로구 통일로 158 (교남동),03180,짐피닉스,체력단련장업,사립
46,CDFH3301062020000001,영업/정상,영업중,070-8263-1157,,서울특별시 종로구 내수동 167번지 대우빌딩 ,"서울특별시 종로구 새문안로3길 30, 대우빌딩 114호 (내수동)",03173,RUN 광화문,체력단련장업,사립
47,CDFH3301062020000002,영업/정상,영업중,02-6353-7712,,서울특별시 종로구 원남동 49-17번지 오라카이 대학로 호텔 ,"서울특별시 종로구 율곡로 180, 오라카이 대학로 호텔 4층 (원남동)",03127,금보개발(주)오라카이 대학로 호텔,체력단련장업,사립
48,CDFH3301062012000001,휴업,휴업,02-730-5627,,서울특별시 종로구 관철동 45-1번지 대왕빌딩 ,"서울특별시 종로구 우정국로2길 21, 대왕빌딩 9층 (관철동)",03189,토브짐,체력단련장업,사립
49,CDFH3301061992000003,폐업,폐업,,110350,서울특별시 종로구 운니동 114-2번지 ,서울특별시 종로구 율곡로 78  (운니동),,중앙일보문화센터,체력단련장업,사립
50,CDFH3301061993000001,폐업,폐업,02-743-4016,110470,서울특별시 종로구 연지동 170번지 ,서울특별시 종로구 종로31길 54 (연지동),,우진체육관,체력단련장업,사립
51,CDFH3301061993000002,폐업,폐업,,110090,서울특별시 종로구 교북동 10-10번지 ,서울특별시 종로구 통일로 206  (교북동),,승리헬스,체력단련장업,사립
52,CDFH3301061994000001,폐업,폐업,,110121,서울특별시 종로구 종로1가 21번지 ,,,개선헬스,체력단련장업,사립
53,CDFH3301061998000001,폐업,폐업,,110470,서울특별시 종로구 연지동 1-30번지 ,서울특별시 종로구 율곡로 194  (연지동),,은석스포츠센타,체력단련장업,사립
54,CDFH3301061998000002,폐업,폐업,,110470,서울특별시 종로구 연지동 1-30번지 ,서울특별시 종로구 율곡로 194  (연지동),,은석스포츠센타,체력단련장업,사립
55,CDFH3301061998000003,폐업,폐업,,110470,서울특별시 종로구 연지동 1-30번지 ,서울특별시 종로구 율곡로 194  (연지동),,주)남중개발,체력단련장업,사립
56,CDFH3301061999000003,폐업,폐업,,110813,서울특별시 종로구 무악동 45-0번지 무악현대프라자상가4층 ,,,나비스포렉스(주),체력단련장업,사립
57,CDFH3301061999000004,폐업,폐업,02-2275-9889,,서울특별시 종로구 종로5가 314-7번지 청오가방도매상가 ,"서울특별시 종로구 청계천로 229, 6층 (종로5가)",03196,한일휘트니스,체력단련장업,사립
58,CDFH3301061994000002,폐업,폐업,02-742-7953,,서울특별시 종로구 효제동 247-3번지 ,서울특별시 종로구 대학로2길 3 (효제동),03126,청우헬스,체력단련장업,사립
59,CDFH3301061995000001,폐업,폐업,02-2274-0798,,서울특별시 종로구 종로5가 138-2번지 ,서울특별시 종로구 종로 214 (종로5가),03195,종로헬스,체력단련장업,사립
60,CDFH3301061995000002,폐업,폐업,,110836,서울특별시 종로구 종로5가 490-0번지 8층 ,"서울특별시 종로구 청계천로 247 (종로5가,8층)",,로얄,체력단련장업,사립
61,CDFH3301061996000001,폐업,폐업,,110809,서울특별시 종로구 동숭동 1-8번지 ,서울특별시 종로구 동숭길 130-5  (동숭동),,우리들헬스,체력단련장업,사립
62,CDFH3301061996000002,폐업,폐업,,110123,서울특별시 종로구 종로3가 13-4번지 5층 ,"서울특별시 종로구 종로 119  (종로3가,5층)",,월드남여헬스크럽,체력단련장업,사립
63,CDFH3301062000000002,폐업,폐업,,110522,서울특별시 종로구 명륜2가 34-0번지 ,서울특별시 종로구 대명길 22  (명륜2가),,명륜헬스,체력단련장업,사립
64,CDFH3301062001000001,폐업,폐업,,110061,서울특별시 종로구 신문로1가 20-0번지 ,서울특별시 종로구 새문안로 91  (신문로1가),,피사프코리아,체력단련장업,사립
65,CDFH3301062001000003,폐업,폐업,394-8521,110846,서울특별시 종로구 평창동 76번지 ,서울특별시 종로구 평창24길 12  (평창동),,귀빈휘트니스클럽,체력단련장업,사립
66,CDFH3301062008000001,폐업,폐업,02-733-8111,110080,서울특별시 종로구 무악동 82번지 무악현대프라자 4층 ,서울특별시 종로구 통일로 246-10 (무악동),03025,나비스포렉스(주),체력단련장업,사립
67,CDFH3301062009000001,폐업,폐업,737-7881,110111,서울특별시 종로구 관철동 45-1번지 지상10층 ,"서울특별시 종로구 우정국로2길 21  (관철동,지상10층)",,"아메리카 골프,헬스",체력단련장업,사립
68,CDFH3301061989000001,폐업,폐업,,110825,서울특별시 종로구 숭인동 201-5번지 ,서울특별시 종로구 종로66가길 6  (숭인동),,종로헬스,체력단련장업,사립
69,CDFH3301061989000002,폐업,폐업,02-765-4738,,서울특별시 종로구 종로6가 210-11번지 ,서울특별시 종로구 종로41길 48 (종로6가),03124,우진헬스,체력단련장업,사립
70,CDFH3301061992000001,폐업,폐업,02-763-7715,110841,서울특별시 종로구 창신동 407-4번지 ,서울특별시 종로구 종로44길 82 (창신동),,청송헬스,체력단련장업,사립
71,CDFH3301062002000004,폐업,폐업,02-730-9717,110140,서울특별시 종로구 수송동 83-1번지 삼성생명빌딩 지하1층 ,"서울특별시 종로구 율곡로2길 19 (수송동,삼성생명빌딩 지하1층)",,(주)젠스타서비스 스포존,체력단련장업,사립
72,CDFH3301062002000005,폐업,폐업,,110420,서울특별시 종로구 관수동 20-0번지 ,서울특별시 종로구 수표로 96  (관수동),,국일관게임파크,체력단련장업,사립
73,CDFH3301062002000006,폐업,폐업,,110845,서울특별시 종로구 충신동 189-20번지 ,서울특별시 종로구 율곡로22나길 24  (충신동),,대동체육관,체력단련장업,사립
74,CDFH3301062002000007,폐업,폐업,,110825,서울특별시 종로구 숭인동 200-25번지 ,서울특별시 종로구 종로 384  (숭인동),,종로헬스크럽,체력단련장업,사립
75,CDFH3301062002000008,폐업,폐업,,110470,서울특별시 종로구 연지동 1-7번지 은석빌딩 서관 지하2층 ,"서울특별시 종로구 율곡로 194  (연지동,은석빌딩 서관 지하2층)",,오륜 스포츠센터,체력단련장업,사립
76,CDFH3301062002000009,폐업,폐업,,110111,서울특별시 종로구 관철동 19-7번지 ,서울특별시 종로구 삼일대로17길 40  (관철동),,종로헬스,체력단련장업,사립
77,CDFH3301062003000001,폐업,폐업,730-7041,110110,서울특별시 종로구 서린동 149번지 갑을빌딩 B1 ,"서울특별시 종로구 청계천로 11  (서린동,갑을빌딩 B1)",,그랜드 스포츠,체력단련장업,사립
78,CDFH3301062005000002,폐업,폐업,02-394-5010,110846,서울특별시 종로구 평창동 76번지 ,서울특별시 종로구 평창24길 12 (평창동),110846,귀빈스포츠,체력단련장업,사립
79,CDFH3301062005000003,폐업,폐업,,110754,서울특별시 종로구 연지동 1-7번지 로담코센터 서관 (지하2층) ,서울특별시 종로구 율곡로 194 (연지동),110754,서울스포피아,체력단련장업,사립
80,CDFH3301062019000004,폐업,폐업,02-725-7411,,서울특별시 종로구 체부동 32-2번지 영해빌딩 ,"서울특별시 종로구 자하문로 21, 영해빌딩 5층 502호 (체부동)",03040,CA스포츠,체력단련장업,사립
81,CDFH3301062016000005,폐업,폐업,02-744-7561,,서울특별시 종로구 명륜3가 122-1번지 지하1층 ,"서울특별시 종로구 성균관로 15-8, 지하1층 (명륜3가)",03073,태닝&PT샵,체력단련장업,사립
82,CDFH3301062014000001,폐업,폐업,395-2230,110847,서울특별시 종로구 평창동 158-1번지 ,서울특별시 종로구 평창문화로 75 (평창동),03009,로얄휘트니스 스튜디오 서울,체력단련장업,사립
83,CDFH3301062015000001,폐업,폐업,720-1387,110032,서울특별시 종로구 신교동 58-1번지 ,서울특별시 종로구 자하문로 85 (신교동),03035,서촌 휘트니스,체력단련장업,사립
84,CDFH3301062015000005,폐업,폐업,02-722-3122,,서울특별시 종로구 관철동 ,"서울특별시 종로구 삼일대로17길 52, 5층 (관철동, 삼보주단)",03189,PT박스,체력단련장업,사립
85,CDFH3301062015000007,폐업,폐업,,,서울특별시 종로구 인의동 48-2번지 ,"서울특별시 종로구 종로 183, 지하2층 (인의동, 효성주얼리시티)",03130,멋짐 퍼스널 트레이닝,체력단련장업,사립
86,CDFH3301061992000002,폐업,폐업,,,서울특별시 종로구 종로5가 265-12번지 ,서울특별시 종로구 종로 252-6 (종로5가),03197,용림헬스,체력단련장업,사립
87,CDFH3301061999000002,폐업,폐업,,110100,서울특별시 종로구 교남동 6-0번지 ,서울특별시 종로구 통일로 144  (교남동),,월드헬스클럽,체력단련장업,사립
88,CDFH3301061990000001,폐업,폐업,,110836,서울특별시 종로구 종로5가 182-6번지 ,서울특별시 종로구 동호로 406-2 (종로5가),03196,로타리헬스,체력단련장업,사립
89,CDFH3301061997000003,취소/말소/만료/정지/중지,직권말소,,110100,서울특별시 종로구 교남동 75번지 ,서울특별시 종로구 통일로 176 (교남동),,국민헬스,체력단련장업,사립
90,CDFH3301061998000005,취소/말소/만료/정지/중지,직권말소,02-742-2211,110320,서울특별시 종로구 낙원동 172-0번지 ,서울특별시 종로구 수표로 114 (낙원동),,대한,체력단련장업,사립
91,CDFH3301061999000001,취소/말소/만료/정지/중지,직권말소,,110130,서울특별시 종로구 청진동 201-1번지 진학회관8층 ,"서울특별시 종로구 종로3길 38 (청진동,진학회관8층)",,파워라인 휘트니스,체력단련장업,사립
92,CDFH3301062004000001,취소/말소/만료/정지/중지,직권말소,02-741-2225,110842,"서울특별시 종로구 창신동 440-6번지 3,4층 ",서울특별시 종로구 율곡로 307 (창신동),03119,영 휘트니스,체력단련장업,사립
93,CDFH3301061997000001,취소/말소/만료/정지/중지,직권말소,02-764-5636,110123,서울특별시 종로구 종로3가 10번지 6층 ,"서울특별시 종로구 종로 115 (종로3가,6층)",,서울헬스피아,체력단련장업,사립
94,CDFH3301062000000001,취소/말소/만료/정지/중지,직권말소,02-765-2122,110521,서울특별시 종로구 명륜1가 16-21번지 ,서울특별시 종로구 성균관로 58 (명륜1가),,성대헬스,체력단련장업,사립
95,CDFH3301062001000002,취소/말소/만료/정지/중지,직권말소,,,서울특별시 종로구 적선동 122-1번지 한국생산성본부 ,"서울특별시 종로구 새문안로5가길 32, 1층 (적선동)",03170,세종스포츠클럽,체력단련장업,사립
96,CDFH3301062001000005,취소/말소/만료/정지/중지,직권말소,,110040,서울특별시 종로구 통의동 108-0번지 지하1층 ,"서울특별시 종로구 자하문로 36 (통의동,지하1층)",,청운,체력단련장업,사립
97,CDFH3301062007000002,취소/말소/만료/정지/중지,직권말소,,110140,"서울특별시 종로구 수송동 58번지 두산위브파밀리온 101,102,103,104호 ","서울특별시 종로구 삼봉로 81 (수송동,두산위브파밀리온 101,102,103,104호)",,아탑스포츠,체력단련장업,사립
98,CDFH3301062009000002,취소/말소/만료/정지/중지,직권말소,02-735-1205,110090,서울특별시 종로구 교북동 10-10번지 지상3층 ,서울특별시 종로구 통일로 206 (교북동),03165,크로바헬스,체력단련장업,사립
99,CDFH3301062002000003,취소/말소/만료/정지/중지,직권말소,,110290,서울특별시 종로구 인사동 194-0번지 4층 ,"서울특별시 종로구 인사동5길 26 (인사동,4층)",,카라헬스,체력단련장업,사립
100,CDFH3301062004000004,취소/말소/만료/정지/중지,직권말소,02-732-6341,,서울특별시 종로구 내수동 95번지 경희궁 파크팰리스 ,"서울특별시 종로구 사직로8길 20, B110호 (내수동, 경희궁 파크팰리스)",03174,(주)케이앤맥켄지어소시에이트,체력단련장업,사립
101,CDFH3301062003000002,취소/말소/만료/정지/중지,직권말소,743-5001,110809,서울특별시 종로구 동숭동 1-45번지 자유빌딩 3층 ,"서울특별시 종로구 대학로12길 31, 3층 (동숭동)",03086,동숭휘트니스클럽,체력단련장업,사립
102,CDFH3301062005000004,취소/말소/만료/정지/중지,직권말소,02-2236-5403,110880,서울특별시 종로구 숭인동 310번지 대우디오빌 (지하1층) ,서울특별시 종로구 종로 344 (숭인동),03114,TJ 휘트니스,체력단련장업,사립
103,CDFH3301062006000002,취소/말소/만료/정지/중지,직권말소,02-720-8388,110070,서울특별시 종로구 내수동 1번지 대성빌딩(8층) ,서울특별시 종로구 새문안로5가길 7 (내수동),03173,MT휘트니스센터,체력단련장업,사립
104,CDFH3301062016000008,취소/말소/만료/정지/중지,직권말소,,,서울특별시 종로구 인의동 48-2번지 ,"서울특별시 종로구 종로 183, 지하2층 10호 (인의동, 효성주얼리시티)",03130,라인 GYM 휘트니스,체력단련장업,사립
105,CDFH3301062011000003,취소/말소/만료/정지/중지,직권말소,,110040,"서울특별시 종로구 통의동 35-41번지 우진빌딩 3,4층 ",서울특별시 종로구 자하문로4길 6 (통의동),03044,엠투짐,체력단련장업,사립
106,CDFH3301062012000002,취소/말소/만료/정지/중지,직권말소,,110880,서울특별시 종로구 숭인동 310번지 ,서울특별시 종로구 종로 344 (숭인동),03114,나인짐휘트니스,체력단련장업,사립
107,CDFH3301062004000003,취소/말소/만료/정지/중지,신고취소,02-3675-5861,110837,서울특별시 종로구 창신동 596-2번지 ,서울특별시 종로구 창신길 124 (창신동),03090,종로동부여성문화센터,체력단련장업,공립
108,CDFH3301062004000006,취소/말소/만료/정지/중지,신고취소,02-3675-1318,110811,서울특별시 종로구 명륜3가 1-1042번지 ,서울특별시 종로구 명륜길 90 (명륜3가),03065,종로청소년문화센터,체력단련장업,공립
109,CDFH3301061998000004,영업/정상,영업중,02-383-6152,110832,서울특별시 종로구 신영동 254번지 ,서울특별시 종로구 진흥로 480 (신영동),03013,MAX체력단련장,체력단련장업,사립
110,CDFH3301061997000002,영업/정상,영업중,02-763-4902,,서울특별시 종로구 창신동 576번지 ,"서울특별시 종로구 창신길 24, 2층 (창신동)",03106,박영길 휘트니스,체력단련장업,사립
111,CDFH3301062003000003,영업/정상,영업중,02-720-2525,,서울특별시 종로구 당주동 128-27번지 동원빌딩 지하1층 ,"서울특별시 종로구 새문안로3길 15, 지하1층 (당주동, 동원빌딩)",03175,(주)광화문투엑스휘트니스,체력단련장업,사립
112,CDFH3301062019000010,영업/정상,영업중,,,서울특별시 중구 남대문로5가 84-11번지 연세대학교 세브란스빌딩 ,"서울특별시 중구 통일로 10, 연세대학교 세브란스빌딩 1층 (남대문로5가)",04527,엘리트핏24,체력단련장업,사립
113,CDFH3301062019000008,영업/정상,영업중,,,서울특별시 중구 수표동 56-1번지 강남빌딩 ,"서울특별시 중구 수표로 65, 강남빌딩 지하1층 (수표동)",04542,크로스핏 핏불,체력단련장업,사립
114,CDFH3301062019000007,영업/정상,영업중,02-318-0687,,서울특별시 중구 정동 25-2번지 ,"서울특별시 중구 정동길 8, 지하1층 (정동)",04516,골든크라운 크로스핏 서대문역,체력단련장업,사립
115,CDFH3301062019000005,영업/정상,영업중,02-2231-7970,,서울특별시 중구 신당동 288-17번지 ,서울특별시 중구 청구로4길 19 (신당동),04586,3S gym,체력단련장업,사립
116,CDFH3301062019000006,영업/정상,영업중,02-2233-1770,,서울특별시 중구 신당동 417-6번지 ,"서울특별시 중구 동호로 218, 새움스페이스 지하1층 (신당동)",04607,핏앤힐(Fit and Hill by SS),체력단련장업,사립
117,CDFH3301062019000002,영업/정상,영업중,,,서울특별시 중구 순화동 2-6번지 N빌딩 ,"서울특별시 중구 서소문로 89-31, N빌딩 B2층 (순화동)",04516,시청 휘트니스,체력단련장업,사립
118,CDFH3301062019000003,영업/정상,영업중,02-6014-2844,,서울특별시 중구 신당동 292-95번지 ,"서울특별시 중구 다산로 197-1, 2,3층 (신당동)",04610,DDPT&PILATES,체력단련장업,사립
119,CDFH3301061989000003,영업/정상,영업중,,100874,서울특별시 중구 회현동1가 202-5번지 ,,,제일헬스,체력단련장업,사립
120,CDFH3301061989000006,영업/정상,영업중,,100080,서울특별시 중구 북창동 70-1번지 ,,,왕성체육관,체력단련장업,사립
121,CDFH3301061989000007,영업/정상,영업중,,100806,서울특별시 중구 남창동 168-7번지 ,,,삼일,체력단련장업,사립
122,CDFH3301061989000008,영업/정상,영업중,,100281,서울특별시 중구 인현동1가 46-3번지 ,,,매일온천,체력단련장업,사립
123,CDFH3301061990000001,영업/정상,영업중,,100857,서울특별시 중구 장충동2가 산 5-5번지 ,,,(주)타워호텔,체력단련장업,사립
124,CDFH3301061991000001,영업/정상,영업중,,100411,서울특별시 중구 광희동1가 142번지 현대빌딩 5층동 ,,,경성헬스클럽,체력단련장업,사립
125,CDFH3301061992000001,영업/정상,영업중,,100869,서울특별시 중구 황학동 717번지 ,,,신당헬스클럽,체력단련장업,사립
126,CDFH3301062017000002,영업/정상,영업중,,,서울특별시 중구 흥인동 8번지 ,"서울특별시 중구 마장로 58 (흥인동, 동대문솔하임)",04570,비치바디짐,체력단련장업,사립
127,CDFH3301061998000005,영업/정상,영업중,,100859,서울특별시 중구 중림동 398-1번지 ,,,2002헬스타운,체력단련장업,사립
128,CDFH3301061998000007,영업/정상,영업중,,100281,서울특별시 중구 인현동1가 102-5번지 ,,,명보헬스피아,체력단련장업,사립
129,CDFH3301061999000002,영업/정상,영업중,,100879,서울특별시 중구 흥인동 13-1번지 ,,,뉴)월드스포랜드,체력단련장업,사립
130,CDFH3301062017000003,영업/정상,영업중,02-2038-0117,,,"서울특별시 중구 마른내로 34 (초동, (주)케이티앤지을지로타워)",04555,(주)바디스타,체력단련장업,사립
131,CDFH3301062018000001,영업/정상,영업중,02-2275-0776,,서울특별시 중구 충무로3가 49번지 엘크루 메트로시티 ,"서울특별시 중구 충무로 13, 엘크루 메트로시티 205호 (충무로3가)",04554,CM헬스,체력단련장업,사립
132,CDFH3301062018000002,영업/정상,영업중,02-363-0452,,서울특별시 중구 만리동1가 62-7번지 서울역 디오빌 ,"서울특별시 중구 만리재로 193, 서울역 디오빌 지하층 (만리동1가)",04501,피트니스 월드,체력단련장업,사립
133,CDFH3301061999000003,영업/정상,영업중,,100021,서울특별시 중구 명동1가 1-1번지 ,,,서울YMCA,체력단련장업,사립
134,CDFH3301061999000004,영업/정상,영업중,,100874,서울특별시 중구 회현동1가 202-0번지 제일빌딩5층 622호 ,,,국제프레야스포츠,체력단련장업,사립
135,CDFH3301061999000005,영업/정상,영업중,,100861,서울특별시 중구 충무로2가 50-6번지 ,,,라이온스헬스클럽,체력단련장업,사립
136,CDFH3301061999000007,영업/정상,영업중,,100809,서울특별시 중구 명동2가 31-1번지 ,,,엠.티.엠 휘트니스클럽,체력단련장업,사립
137,CDFH3301062011000003,영업/정상,영업중,,100827,서울특별시 중구 신당동 368-3번지 ,서울특별시 중구 다산로 104 (신당동),100827,파크짐,체력단련장업,공립
138,CDFH3301062011000004,영업/정상,영업중,,100440,서울특별시 중구 황학동 2545번지 롯데베네치아 메가홀 지하2층 2002 ,"서울특별시 중구 청계천로 지하 400, 메가홀동 2층 2002호 (황학동, 롯데베네치아)",100440,황금스파,체력단련장업,공립
139,CDFH3301062011000005,영업/정상,영업중,,100021,서울특별시 중구 명동1가 7-12번지 태흥빌딩 14층 ,"서울특별시 중구 명동길 55, 1동 14층 (명동1가)",04538,제이엘스포츠,체력단련장업,사립
140,CDFH3301062011000006,영업/정상,영업중,,100210,서울특별시 중구 수하동 67번지 ,서울특별시 중구 을지로5길 26 (수하동),100210,(주)센터원웰니스,체력단련장업,사립
141,CDFH3301061997000001,영업/정상,영업중,,100819,서울특별시 중구 신당동 152-6번지 ,,,프로헬스크럽,체력단련장업,사립
142,CDFH3301062012000002,영업/정상,영업중,,100450,서울특별시 중구 신당동 ,서울특별시 중구 다산로 240 (신당동),100450,(주)파크짐,체력단련장업,사립
143,CDFH3301062012000004,영업/정상,영업중,,100052,서울특별시 중구 회현동2가 88번지 ,서울특별시 중구 퇴계로 100 (회현동2가),04631,(주)신세계조선호텔 스테이트타워남산GYM,체력단련장업,사립
144,CDFH3301062015000002,영업/정상,영업중,02-2280-8000,100250,서울특별시 중구 예장동 2-19번지 지하2층 ,"서울특별시 중구 삼일대로2길 50, 지하2층 (예장동)",04627,(주)더한 오리엔스 호텔 & 레지던스,체력단련장업,사립
145,CDFH3301062015000003,영업/정상,영업중,02-777-5011,,서울특별시 중구 정동 34-5번지 배재정동빌딩 1층 A동 ,"서울특별시 중구 서소문로11길 19, A동 1층 (정동, 배재정동빌딩)",04516,엠피트니스,체력단련장업,사립
146,CDFH3301062015000004,영업/정상,영업중,,,서울특별시 중구 충무로3가 51-7번지 3층 ,"서울특별시 중구 퇴계로31길 16, 3층 (충무로3가, 우형빌딩)",04554,이로운 퍼스널 트레이닝 스튜디오,체력단련장업,사립
147,CDFH3301062013000003,영업/정상,영업중,,100094,서울특별시 중구 남대문로4가 17-7번지 ,서울특별시 중구 세종대로 58 (남대문로4가),04526,휘트니스센터,체력단련장업,사립
148,CDFH3301062016000001,영업/정상,영업중,,,서울특별시 중구 신당동 52-299번지 ,"서울특별시 중구 다산로40길 14, 지하호 (신당동)",04585,RX FITNESS,체력단련장업,사립
149,CDFH3301062016000002,영업/정상,영업중,,,,서울특별시 중구 다산로36길 지하 53 (신당동),04585,S바디케어프라이빗짐,체력단련장업,사립
150,CDFH3301062016000003,영업/정상,영업중,02-2233-2232,,,"서울특별시 중구 퇴계로 307 (광희동1가, 광희빌딩)",04560,(주)파크짐,체력단련장업,사립
151,CDFH3301062016000004,영업/정상,영업중,,,서울특별시 중구 을지로2가 205번지 ,"서울특별시 중구 삼일대로 358 (을지로2가, 신한LTower)",04542,(주)스포짐앤밀론,체력단련장업,사립
152,CDFH3301061998000002,영업/정상,영업중,,100804,서울특별시 중구 남창동 1-2번지 ,,,새로나휘트니스,체력단련장업,사립
153,CDFH3301061998000003,영업/정상,영업중,,100170,서울특별시 중구 무교동 19-0번지 ,,,토로짐,체력단련장업,사립
154,CDFH3301061998000004,영업/정상,영업중,,100874,서울특별시 중구 회현동1가 181-6번지 ,,,한신헬스클럽,체력단련장업,사립
155,CDFH3301062003000001,영업/정상,영업중,777-4280,100102,"서울특별시 중구 태평로2가 366-1번지 팰리스빌딩 3,4층 ",,,디자인휘트니스,체력단련장업,사립
156,CDFH3301062003000002,영업/정상,영업중,776-9893,100809,서울특별시 중구 명동2가 2-7번지 ,,,명동사우나헬스,체력단련장업,사립
157,CDFH3301062003000003,영업/정상,영업중,2128-6800,100881,서울특별시 중구 회현동1가 204번지 메사빌딩 13층 ,,,Aja sporex,체력단련장업,사립
158,CDFH3301062004000001,영업/정상,영업중,2002-5453,100875,서울특별시 중구 회현동1가 203번지 ,,,우리헬스,체력단련장업,사립
159,CDFH3301062013000005,영업/정상,영업중,,100828,서울특별시 중구 신당동 361-24번지 ,서울특별시 중구 다산로 111 (신당동),04598,엠비휘트니스,체력단련장업,사립
160,CDFH3301062013000006,영업/정상,영업중,02-2266-8247,100230,서울특별시 중구 수표동 27-2번지 ,서울특별시 중구 을지로11길 15 (수표동),04543,시립서울청소년센터,체력단련장업,사립
161,CDFH3301062014000001,영업/정상,영업중,,100890,서울특별시 중구 신당동 340-80번지 ,서울특별시 중구 다산로 152 (신당동),04590,Medi & Fit (메디 앤 핏),체력단련장업,사립
162,CDFH3301062014000002,영업/정상,영업중,2236-2232,100161,서울특별시 중구 봉래동1가 10번지 ,서울특별시 중구 칠패로 42 (봉래동1가),04512,(주)파크짐,체력단련장업,사립
163,CDFH3301062014000003,영업/정상,영업중,,100400,서울특별시 중구 쌍림동 25-6번지 ,서울특별시 중구 마른내로 146 (쌍림동),04560,스카이 P.P,체력단련장업,사립
164,CDFH3301062015000001,영업/정상,영업중,2233-3959,100899,서울특별시 중구 황학동 ,서울특별시 중구 청계천로 370 (황학동),04571,Re Studio,체력단련장업,사립
165,CDFH3301062004000002,영업/정상,영업중,778-8307,100809,서울특별시 중구 명동2가 31-1번지 ,,,휴레스트웰빙클럽,체력단련장업,사립
166,CDFH3301062004000003,영업/정상,영업중,777-9112-3,100042,서울특별시 중구 남산동2가 6-1번지 ,,,맨하탄휘트니스,체력단련장업,사립
167,CDFH3301062004000007,영업/정상,영업중,2232-1557,100819,"서울특별시 중구 신당동 152-1번지 4층,5층 ",,,헬스GXPT스피닝,체력단련장업,사립
168,CDFH3301062008000002,영업/정상,영업중,3454-0611,100809,서울특별시 중구 명동2가 31-1번지 ,,,(주)이아스피스 명동센터,체력단련장업,사립
169,CDFH3301062008000003,영업/정상,영업중,2119-8700,100130,서울특별시 중구 순화동 151번지 b201호,,,마이트리스파,체력단련장업,사립
170,CDFH3301062007000007,영업/정상,영업중,2285-1250,100013,서울특별시 중구 충무로3가 43번지 ,,,PGA스포렉스,체력단련장업,사립
171,CDFH3301062009000001,영업/정상,영업중,02-6328-0201,100102,서울특별시 중구 태평로2가 70-5번지 해남빌딩 2층 ,,,스포짐,체력단련장업,사립
172,CDFH3301062010000001,영업/정상,영업중,02-6388-3967,100196,서울특별시 중구 을지로6가 산 18-35번지 8층 ,,,바디스타 짐,체력단련장업,공립
173,CDFH3301062010000002,영업/정상,영업중,2250-8000,100392,서울특별시 중구 장충동2가 산 5-5번지 ,,,Banyan Tree Club&SPA Seoul Fitness club,체력단련장업,공립
174,CDFH3301061994000001,영업/정상,영업중,,100094,서울특별시 중구 남대문로4가 3-5번지 ,,,88헬스클럽,체력단련장업,사립
175,CDFH3301062010000003,영업/정상,영업중,,100014,서울특별시 중구 충무로4가 산 306번지 남산센트럴상가 지하1층B07호 ,,,엘리트짐,체력단련장업,사립
176,CDFH3301062010000004,영업/정상,영업중,,100130,서울특별시 중구 순화동 산 1-170번지 ACE타워 지하1층 ,,,웰리스휘트니스,체력단련장업,사립
177,CDFH3301062011000002,영업/정상,영업중,,100193,서울특별시 중구 을지로3가 산 315-4번지 을지빌딩4층 ,,,을지 휘트니스,체력단련장업,사립
178,CDFH3301062013000004,영업/정상,영업중,,100896,서울특별시 중구 신당동 295-27번지 ,서울특별시 중구 다산로 185 (신당동),04608,파크짐,체력단련장업,사립
179,CDFH3301061998000001,영업/정상,영업중,,100272,서울특별시 중구 필동2가 98-1번지 ,,,위더스헬스클럽,체력단련장업,사립
180,CDFH3301062019000012,영업/정상,영업중,02-2231-1118,,서울특별시 중구 신당동 855번지 신당 파인힐 하나유보라 ,"서울특별시 중구 왕십리로 407, 2층 14,15호 (신당동, 신당 파인힐 하나유보라)",04580,잇즈(ITZ)핏,체력단련장업,사립
181,CDFH3301062019000009,영업/정상,영업중,,,서울특별시 중구 흥인동 91번지 흥화브라운 오피스텔 ,"서울특별시 중구 퇴계로 409, 흥화브라운 오피스텔 3층 301호 (흥인동)",04570,세심한 PT studio,체력단련장업,사립
182,CDFH3301062019000011,영업/정상,영업중,,,서울특별시 중구 황학동 1596번지 ,"서울특별시 중구 난계로 197, 마블플래이스 301호 (황학동)",04574,비치바디,체력단련장업,사립
183,CDFH3301062012000001,폐업,폐업,,100721,서울특별시 중구 소공동 1번지 롯데호텔 ,"서울특별시 중구 을지로 30 (소공동, 롯데호텔)",100721,호텔롯데 헬스센터,체력단련장업,사립
184,CDFH3301062012000003,폐업,폐업,,100845,서울특별시 중구 을지로2가 ,서울특별시 중구 을지로 100 (을지로2가),100845,리복 크로스핏 센티널 다운타운,체력단련장업,사립
185,CDFH3301062013000001,폐업,폐업,,100450,서울특별시 중구 신당동 842번지 ,,,JM 휘트니스,체력단련장업,사립
186,CDFH3301062013000002,폐업,폐업,,100451,서울특별시 중구 신당동 247-8번지 ,서울특별시 중구 퇴계로 382 (신당동),100451,에이스 휘트니스,체력단련장업,사립
187,CDFH3301062002000003,폐업,폐업,2238-2114,100450,서울특별시 중구 신당동 842번지 약수하이츠상가  4층 ,,,아센휘트니스센타,체력단련장업,사립
188,CDFH3301062004000005,폐업,폐업,,100851,서울특별시 중구 을지로6가 18-185번지 ,,,밀리오레휘트니스,체력단련장업,사립
189,CDFH3301062004000006,폐업,폐업,2277-9979,100310,서울특별시 중구 오장동 127-1번지 센트마 5층 ,,,"중부골프,헬스클럽",체력단련장업,사립
190,CDFH3301062005000001,폐업,폐업,736-9010,100151,서울특별시 중구 충정로1가 62-15번지 2층 ,,,대원교정운동,체력단련장업,사립
191,CDFH3301062008000001,폐업,폐업,2272-7999,100705,서울특별시 중구 충무로3가 60-1번지 극동빌딩 지하1층 ,,,바디스타휘트니스,체력단련장업,사립
192,CDFH3301062009000002,폐업,폐업,,100859,서울특별시 중구 중림동 398-1번지 3층 ,,,2002헬스타운,체력단련장업,사립
193,CDFH3301061994000002,폐업,폐업,,100833,서울특별시 중구 신당동 407번지 ,,,우노헬스,체력단련장업,사립
194,CDFH3301062006000001,폐업,폐업,02)393-6008,100859,서울특별시 중구 중림동 355번지 브라운스톤서울 302호 ,,,스포존 휘트니스,체력단련장업,사립
195,CDFH3301062011000001,폐업,폐업,3789-0666,100804,서울특별시 중구 남창동 1-1번지 새로나쇼핑몰 지하1층 ,,,Secret 휘트니스클럽,체력단련장업,사립
196,CDFH3301061994000003,폐업,폐업,,100889,서울특별시 중구 신당동 250-32번지 ,,,(재)중앙체육원,체력단련장업,사립
197,CDFH3301061996000002,폐업,폐업,,100871,서울특별시 중구 황학동 2357번지 ,,,중앙헬스,체력단련장업,사립
198,CDFH3301062001000005,폐업,폐업,,100330,서울특별시 중구 주교동 43-10번지 ,,,방산헬스클럽,체력단련장업,사립
199,CDFH3301062006000003,폐업,폐업,,100845,서울특별시 중구 을지로2가 185-10번지 동양생명사옥빌딩 지하1층 ,,,미체골프&휘트니스클럽,체력단련장업,사립
200,CDFH3301062007000006,폐업,폐업,02-316-9980,100803,서울특별시 중구 남대문로5가 631번지 ,,,STX 피트니스클럽,체력단련장업,사립
201,CDFH3301062001000006,폐업,폐업,,100101,서울특별시 중구 태평로1가 84번지 ,,,비더블유 실내골프,체력단련장업,사립
202,CDFH3301062001000007,폐업,폐업,,100101,서울특별시 중구 태평로1가 84번지 ,,,비더블유 휘트니스센터,체력단련장업,사립
203,CDFH3301062002000002,폐업,폐업,2266-5193,100850,서울특별시 중구 을지로6가 17-2번지 프레야타운 12층 ,,,동대문스포렉스,체력단련장업,사립
204,CDFH3301061997000003,폐업,폐업,,100802,서울특별시 중구 남대문로5가 171번지 ,,,테크노헬스,체력단련장업,사립
205,CDFH3301061989000001,폐업,폐업,,100858,서울특별시 중구 중림동 116번지 ,,,중앙헬스,체력단련장업,사립
206,CDFH3301061989000002,폐업,폐업,,100861,서울특별시 중구 충무로2가 61-3번지 ,,,세종체력단련장,체력단련장업,사립
207,CDFH3301061989000004,폐업,폐업,,100871,서울특별시 중구 황학동 2487번지 ,,,문화,체력단련장업,사립
208,CDFH3301061989000005,폐업,폐업,,100021,서울특별시 중구 명동1가 54-7번지 ,,,명동88헬스크럽,체력단련장업,사립
209,CDFH3301061989000009,폐업,폐업,,100330,서울특별시 중구 주교동 7번지 ,,,골든,체력단련장업,사립
210,CDFH3301061990000002,폐업,폐업,,100281,서울특별시 중구 인현동1가 103-1번지 ,,,명보헬스,체력단련장업,사립
211,CDFH3301061993000001,폐업,폐업,,100860,서울특별시 중구 충무로2가 11-1번지 ,,,썬샤인 헬스크럽,체력단련장업,사립
212,CDFH3301061993000002,폐업,폐업,,100826,서울특별시 중구 신당동 340-73번지 ,,,약수헬스클럽,체력단련장업,사립
213,CDFH3301062017000001,폐업,폐업,02-2252-8861,,서울특별시 중구 신당동 140-23번지 ,"서울특별시 중구 퇴계로 448 (신당동, 신당역솔하임)",04578,크로스핏 리턴,체력단련장업,사립
214,CDFH3301061998000006,폐업,폐업,,100861,서울특별시 중구 충무로2가 65-7번지 ,,,월드여성전용헬스,체력단련장업,사립
215,CDFH3301061999000001,폐업,폐업,,100130,서울특별시 중구 순화동 2-6번지 ,,,중앙일보교육사업단(중앙문화센터),체력단련장업,사립
216,CDFH3301062018000003,폐업,폐업,,,서울특별시 중구 중림동 128-15번지 ,"서울특별시 중구 중림로 47, 지하층 (중림동)",04507,좋은습관 PT Studio,체력단련장업,사립
217,CDFH3301061999000006,폐업,폐업,,100841,서울특별시 중구 신당동 369-7번지 ,,,파워헬스,체력단련장업,사립
218,CDFH3301061995000003,영업/정상,영업중,,100450,서울특별시 중구 신당동 52-46번지 ,,,현대헬스,체력단련장업,사립
219,CDFH3301061996000001,영업/정상,영업중,,100391,서울특별시 중구 장충동1가 31-5번지 ,,,골드짐,체력단련장업,사립
220,CDFH3301061996000003,영업/정상,영업중,,100101,서울특별시 중구 태평로1가 61-1번지 코리아나호텔 4층 ,"서울특별시 중구 세종대로 135, 4층 (태평로1가, 코리아나호텔)",100101,코리아나,체력단련장업,사립
221,CDFH3301062000000002,영업/정상,영업중,,100868,서울특별시 중구 황학동 73-1번지 ,,,라이프 헬스 클럽,체력단련장업,사립
222,CDFH3301062000000003,영업/정상,영업중,,100814,서울특별시 중구 서소문동 58-9번지 ,,,중앙신협휘트니스클럽,체력단련장업,사립
223,CDFH3301062000000005,영업/정상,영업중,,100760,서울특별시 중구 장교동 1-0번지 장교빌딩1층 ,,,장교 휘트니스 센터,체력단련장업,사립
224,CDFH3301062000000006,영업/정상,영업중,,100450,서울특별시 중구 신당동 844-0번지 스포츠센타내204-1 ,,,타라휘트니스클럽,체력단련장업,사립
225,CDFH3301062001000002,영업/정상,영업중,,100846,서울특별시 중구 을지로3가 315-4번지 ,,,골드스포츠,체력단련장업,사립
226,CDFH3301062001000003,영업/정상,영업중,,100800,서울특별시 중구 남대문로5가 36-1번지 ,,,남문헬스클럽,체력단련장업,사립
227,CDFH3301062001000004,영업/정상,영업중,,100330,서울특별시 중구 주교동 135-5번지 ,,,동남헬스클럽,체력단련장업,사립
228,CDFH3301062005000003,영업/정상,영업중,6399-0200,100141,서울특별시 중구 의주로1가 25-10번지 ,,,바비엥 휘트니스클럽,체력단련장업,사립
229,CDFH3301062005000004,영업/정상,영업중,2264-2346,100846,서울특별시 중구 을지로3가 315-4번지 을지빌딩 4층 ,,,팜 휘트니스,체력단련장업,사립
230,CDFH3301062006000002,영업/정상,영업중,02-2128-6800,100881,서울특별시 중구 회현동1가 204번지 메사빌딩 13층 1302호,,,메사 휘트니스 케어&골프,체력단련장업,사립
231,CDFH3301062006000004,영업/정상,영업중,2220-8020,100141,서울특별시 중구 의주로1가 202번지 지하1층 ,,,FRASER PLACE,체력단련장업,사립
232,CDFH3301062007000001,영업/정상,영업중,2269-3913,100855,서울특별시 중구 장충동2가 26-1번지 지하1층 ,,,장충헬스클럽,체력단련장업,사립
233,CDFH3301062007000002,영업/정상,영업중,2268-3086,100195,서울특별시 중구 을지로5가 39-1번지 삼성파크빌 지하2층 ,,,올포원 휘트니스,체력단련장업,사립
234,CDFH3301062007000003,영업/정상,영업중,774-8733,100813,서울특별시 중구 서소문동 47-2번지 102호,,,고투GO TO 시청,체력단련장업,사립
235,CDFH3301062007000004,영업/정상,영업중,392-6957,100372,서울특별시 중구 만리동2가 6-1번지 ,,,손기정문화체육센터,체력단련장업,사립
236,CDFH3301062007000005,영업/정상,영업중,777-3434,100011,서울특별시 중구 충무로1가 25-5번지 고려대연락타워 지하2층 ,,,바디플렉스짐,체력단련장업,사립
237,CDFH3301062005000002,영업/정상,영업중,2288-3114,100802,서울특별시 중구 남대문로5가 541번지 지하1층 ,,,웰리스,체력단련장업,사립
238,CDFH3301062020000005,영업/정상,영업중,02-2233-5129,,서울특별시 중구 신당동 48-1번지 ,"서울특별시 중구 다산로36길 53, 2층 202호 (신당동)",04585,마인PT & 필라테스 신당청구점,체력단련장업,사립
239,CDFH3301062020000006,영업/정상,영업중,,,서울특별시 중구 충무로2가 60-3번지 성창빌딩 ,"서울특별시 중구 삼일대로 299, 성창빌딩 지하층 B,C호 (충무로2가)",04537,더블에스 휘트니스,체력단련장업,사립
240,CDFH3301062020000001,영업/정상,영업중,02-365-1712,,서울특별시 중구 중림동 200번지 중림동 삼성 사이버 빌리지 ,"서울특별시 중구 중림로 10, 2동 206호 (중림동, 중림동 삼성 사이버 빌리지)",04502,올록볼록 PT Studio,체력단련장업,사립
241,CDFH3301062020000003,영업/정상,영업중,,,서울특별시 중구 흥인동 13-1번지 ,"서울특별시 중구 다산로46길 17, 청계천두산위브더제니스 2층 207호~209호호 (흥인동)",04570,(주)머슬컴퍼니 머슬프렌즈짐,체력단련장업,사립
242,CDFH3301062020000004,영업/정상,영업중,,,서울특별시 중구 서소문동 85-3번지 현지번(서소문동 143) ,"서울특별시 중구 서소문로 124, 씨티스퀘어 지하2층 201호~206호 (서소문동)",04514,서울시청역점 스포애니 (주)케이디스포츠,체력단련장업,사립
243,CDFH3301062020000002,영업/정상,영업중,,,서울특별시 중구 신당동 52-228번지 준빌딩 ,"서울특별시 중구 퇴계로86길 70, 준빌딩 3층 (신당동)",04585,엘케이(LK)바디짐,체력단련장업,사립
244,CDFH3301062019000004,영업/정상,영업중,02-6348-1842,,서울특별시 중구 신당동 226-3번지 ,"서울특별시 중구 퇴계로 354, 대승빌딩 2층 (신당동)",04612,피엘유,체력단련장업,사립
245,CDFH3301062019000001,영업/정상,영업중,,,서울특별시 중구 태평로1가 84번지 파이낸스빌딩 ,"서울특별시 중구 세종대로 136, 파이낸스빌딩 (태평로1가)",04520,시그마스포츠클럽,체력단련장업,사립
246,CDFH3301062018000004,영업/정상,영업중,,,서울특별시 중구 태평로2가 150번지 부영 태평빌딩 ,"서울특별시 중구 세종대로 55, 부영 태평빌딩 11층 (태평로2가)",04513,주식회사 태평로 바디스타,체력단련장업,사립
247,CDFH3301062020000005,영업/정상,영업중,02-796-4623,,서울특별시 용산구 한남동 630-9번지 THE VIII(갈2:20) ,"서울특별시 용산구 대사관로34길 22, THE VIII(갈2:20) 6층 (한남동)",04402,TIM GYM,체력단련장업,사립
248,CDFH3301062020000006,영업/정상,영업중,02-749-8181,,서울특별시 용산구 이태원동 124-1번지 준아트빌 ,"서울특별시 용산구 이태원로27나길 40, 지하1층 (이태원동, 준아트빌)",04349,에이블짐 이태원역점,체력단련장업,사립
249,CDFH3301062020000001,영업/정상,영업중,,,"서울특별시 용산구 동빙고동 7-48번지 뉴포트, 5층 ","서울특별시 용산구 장문로6길 4, 뉴포트 5층 (동빙고동)",04393,Sanctuary,체력단련장업,사립
250,CDFH3301062020000003,영업/정상,영업중,,,서울특별시 용산구 한남동 258번지 현대리버티하우스 ,"서울특별시 용산구 독서당로 70, 현대리버티하우스 4층 404호 (한남동)",04420,F45 트레이닝 한남,체력단련장업,사립
251,CDFH3301062020000002,영업/정상,영업중,02-792-1031,,서울특별시 용산구 남영동 61-4번지 3층 ,"서울특별시 용산구 한강대로 282, 3층 (남영동)",04352,망고짐,체력단련장업,사립
252,CDFH3301062019000007,영업/정상,영업중,,,서울특별시 용산구 청파동2가 67-6번지 지층 ,"서울특별시 용산구 청파로47나길 4, 지층 (청파동2가)",04309,오아핏,체력단련장업,사립
253,CDFH3301062019000005,영업/정상,영업중,,,서울특별시 용산구 한남동 736-8번지 3층 ,"서울특별시 용산구 이태원로 216, 3층 (한남동)",04404,ONE MORE,체력단련장업,사립
254,CDFH3301062019000004,영업/정상,영업중,02-797-4252,,서울특별시 용산구 한남동 261-6번지 4층 402호 ,"서울특별시 용산구 독서당로 67, 서울빌딩 4층 402호 (한남동)",04419,바나나휘트니스24,체력단련장업,사립
255,CDFH3301062019000006,영업/정상,영업중,,,서울특별시 용산구 남영동 17-1번지 참빛빌딩 지하1층 ,"서울특별시 용산구 한강대로 296, 참빛빌딩 지하1층 (남영동)",04352,스포벡휘트니스,체력단련장업,사립
256,CDFH3301062019000003,영업/정상,영업중,02-790-4293,,서울특별시 용산구 한남동 707-36번지 한남프라자 4층 ,"서울특별시 용산구 한남대로 76, 한남프라자 4층 (한남동)",04418,진핏퍼스널트레이닝,체력단련장업,사립
257,CDFH3301062019000002,영업/정상,영업중,02-749-8487,,서울특별시 용산구 한남동 790-3번지 1층 ,"서울특별시 용산구 한남대로42길 33, 1층 (한남동)",04417,짐나우 퍼스널트레이닝,체력단련장업,사립
258,CDFH3301062019000001,영업/정상,영업중,02-704-4766,,서울특별시 용산구 효창동 5-121번지 지하2층 ,"서울특별시 용산구 효창원로 132, 지하2층 (효창동)",04317,라온휘트니스,체력단련장업,사립
259,CDFH3301062015000003,영업/정상,영업중,02-792-1710,,서울특별시 용산구 한남동 568-241번지 나성빌딩 101호,"서울특별시 용산구 장문로 147, 1층 101호 (한남동)",04411,시크모어 웰니스 스튜디오,체력단련장업,사립
260,CDFH3301062016000005,영업/정상,영업중,,,서울특별시 용산구 한남동 1-42번지 3층 ,"서울특별시 용산구 유엔빌리지길 254, 3층 (한남동)",04420,랜스앤제이 퍼스널 트레이닝 스튜디오,체력단련장업,사립
261,CDFH3301062016000006,영업/정상,영업중,02-749-2260,,서울특별시 용산구 한남동 72-1번지 ,"서울특별시 용산구 한남대로 60, D동 1층 122호 (한남동, 금호리첸시아)",04419,유즈웰(USEWELL),체력단련장업,사립
262,CDFH3301062016000007,영업/정상,영업중,02-792-8281,,서울특별시 용산구 보광동 217-21번지 ,"서울특별시 용산구 장문로19길 4, 3층 (보광동, (주)동양과학)",04394,제이짐,체력단련장업,사립
263,CDFH3301062017000002,영업/정상,영업중,02-790-2244,,서울특별시 용산구 이촌동 302-61번지 ,"서울특별시 용산구 이촌로 192, B1층 (이촌동, 제일맨션)",04427,더블에이 이촌,체력단련장업,사립
264,CDFH3301062017000003,영업/정상,영업중,02-749-9880,,서울특별시 용산구 서빙고동 241-94번지 ,"서울특별시 용산구 이촌로 347, 3층 301,302호 (서빙고동, 신동아아파트)",04428,피트 트레이닝센터,체력단련장업,사립
265,CDFH3301062017000004,영업/정상,영업중,02-2138-7011,,서울특별시 용산구 한남동 33-4번지 ,"서울특별시 용산구 독서당로 97, B2층 (한남동, 다음소프트)",04419,파프짐,체력단련장업,사립
266,CDFH3301062017000005,영업/정상,영업중,02-714-8880,,서울특별시 용산구 서계동 260-1번지 ,"서울특별시 용산구 효창원로 276, 3층 (서계동)",04305,만리 체육관,체력단련장업,사립
267,CDFH3301062017000006,영업/정상,영업중,02-794-7300,,서울특별시 용산구 이촌동 300-16번지 (주)서울스튜디오 ,"서울특별시 용산구 이촌로88길 8, 3층 (이촌동)",04426,찰스짐,체력단련장업,사립
268,CDFH3301062018000002,영업/정상,영업중,02-794-8281,,서울특별시 용산구 동빙고동 28-15번지 1층 ,"서울특별시 용산구 서빙고로91나길 96, 1층 (동빙고동)",04395,빅짐,체력단련장업,사립
269,CDFH3301062018000003,영업/정상,영업중,02-797-7665,,서울특별시 용산구 이촌동 300-322번지 201호,"서울특별시 용산구 이촌로 274, 2층 201호 (이촌동)",04426,후핏,체력단련장업,사립
270,CDFH3301062018000004,영업/정상,영업중,02-795-0117,,서울특별시 용산구 한남동 258번지 현대리버티하우스 ,"서울특별시 용산구 독서당로 70, 현대리버티하우스 B1층 (한남동)",04420,스포짐 앤 이엠파워,체력단련장업,사립
271,CDFH3301062018000005,영업/정상,영업중,02-790-8770,,서울특별시 용산구 한남동 76-42번지 남한빌딩 ,"서울특별시 용산구 한남대로 59, 남한빌딩 (한남동)",04401,판크 트레이닝클럽,체력단련장업,사립
272,CDFH3301062013000005,영업/정상,영업중,,140887,서울특별시 용산구 한남동 657-45번지 ,"서울특별시 용산구 대사관로19길 7, 2층 (한남동)",04401,Fit In Cool,체력단련장업,사립
273,CDFH3301062013000006,영업/정상,영업중,02-703-8378,140846,서울특별시 용산구 원효로1가 39-6번지 ,"서울특별시 용산구 원효로 255, 2층 (원효로1가)",04314,팀레드,체력단련장업,사립
274,CDFH3301062013000007,영업/정상,영업중,02-790-7175,140854,서울특별시 용산구 이촌동 300-27번지 307호,"서울특별시 용산구 이촌로 224, 3층 7호 (이촌동, 한강쇼핑센터)",04427,분더바 짐(Wunderbar GYM),체력단련장업,사립
275,CDFH3301062013000009,영업/정상,영업중,,140861,서울특별시 용산구 이태원동 646-204번지 ,"서울특별시 용산구 녹사평대로 240, 204호 (이태원동, 기업은행)",04343,Fit Club,체력단련장업,사립
276,CDFH3301062014000001,영업/정상,영업중,02-796-7978,140887,서울특별시 용산구 한남동 261-6번지 ,"서울특별시 용산구 독서당로 67, 4층 (한남동)",04419,바나나필라 피티,체력단련장업,사립
277,CDFH3301062014000002,영업/정상,영업중,02-792-4362,140823,서울특별시 용산구 보광동 216-88번지 ,"서울특별시 용산구 장문로 74, 3층 (보광동)",04395,Beautiful Evolution,체력단련장업,사립
278,CDFH3301062014000003,영업/정상,영업중,02-797-0324,140762,서울특별시 용산구 용산동5가 24-1번지 ,"서울특별시 용산구 서빙고로 69, 1층 상가27호 (용산동5가, 파크타워아파트)",04385,에스퍼스널트레이닝,체력단련장업,사립
279,CDFH3301062014000004,영업/정상,영업중,02-727-5000,140709,서울특별시 용산구 동자동 12번지 ,"서울특별시 용산구 후암로 107, 지하1층 (동자동, 동부화재)",04323,PENTACLE,체력단련장업,사립
280,CDFH3301062014000005,영업/정상,영업중,02-796-9600,140884,서울특별시 용산구 한남동 1-307번지 ,"서울특별시 용산구 유엔빌리지1길 18, 지하층 101호 (한남동, 디자인플러스)",04420,레브트레이닝,체력단련장업,사립
281,CDFH3301062015000001,영업/정상,영업중,02-795-7203,,서울특별시 용산구 갈월동 101-45번지 ,"서울특별시 용산구 한강대로 259, B1층 104-112호 (갈월동, 고려에이트리움)",04322,스포벡,체력단련장업,사립
282,CDFH3301062015000002,영업/정상,영업중,070-4794-6591,,서울특별시 용산구 이촌동 300-301번지 삼익아파트 ,"서울특별시 용산구 이촌로 264, 삼익아파트 (이촌동)",04426,와가짐,체력단련장업,사립
283,CDFH3301062016000004,영업/정상,영업중,02-711-4013,,서울특별시 용산구 원효로1가 39-10번지 ,"서울특별시 용산구 원효로 259-1, 2층 (원효로1가)",04314,칼라퍼스널트레이닝,체력단련장업,사립
284,CDFH3301062012000003,영업/정상,영업중,02-795-4698,140893,서울특별시 용산구 한남동 740-1번지 ,"서울특별시 용산구 이태원로 267, 2층 (한남동)",04348,프라이빗 웰니스,체력단련장업,사립
285,CDFH3301062013000001,영업/정상,영업중,070-4530-4566,140889,서울특별시 용산구 한남동 79-3번지 ,"서울특별시 용산구 대사관로 76, 4층 3호 (한남동)",04410,H 스튜디오,체력단련장업,사립
286,CDFH3301062013000004,영업/정상,영업중,02-749-9994,140854,서울특별시 용산구 이촌동 302-52번지 ,"서울특별시 용산구 이촌로 200, 301, 305호 (이촌동, LG프라자)",04427,반트짐,체력단련장업,사립
287,CDFH3301062006000003,영업/정상,영업중,02-792-0002,,서울특별시 용산구 한강로3가 40-713번지 4층 ,서울특별시 용산구 한강대로21나길 40 (한강로3가),04378,드래곤힐스파휘트니스클럽,체력단련장업,사립
288,CDFH3301062007000001,영업/정상,영업중,02-705-0022,,서울특별시 용산구 한강로3가 16-85번지 GS한강에클라트 ,"서울특별시 용산구 이촌로 1, 지하1층 (한강로3가, GS한강에클라트)",04373,GOTO 용산점,체력단련장업,사립
289,CDFH3301061994000003,영업/정상,영업중,02-777-3579,,서울특별시 용산구 용산동2가 23번지 ,"서울특별시 용산구 신흥로 72 (용산동2가, 남산헬스)",04339,AK운동맞춤센터,체력단련장업,사립
290,CDFH3301061991000002,폐업,폐업,797-3402,,서울특별시 용산구 이태원동 130-34번지 지하2층 ,서울특별시 용산구 보광로 123 (이태원동),04391,용헬스클럽,체력단련장업,사립
291,CDFH3301062010000002,폐업,폐업,,,서울특별시 용산구 이태원동 651번지 ,서울특별시 용산구 녹사평대로 238 (이태원동),04343,Studio-X-Fitness,체력단련장업,사립
292,CDFH3301062017000001,폐업,폐업,070-7630-1531,,서울특별시 용산구 원효로2가 2-3번지 ,"서울특별시 용산구 원효로 214, 4층 (원효로2가)",04368,좋은습관 피티 스튜디오,체력단련장업,사립
293,CDFH3301062018000001,폐업,폐업,02-792-1030,,서울특별시 용산구 남영동 61-6번지 ,"서울특별시 용산구 한강대로 280-2, 3층 (남영동)",04352,에이본 휘트니스,체력단련장업,사립
294,CDFH3301062013000008,폐업,폐업,790-0801,140886,서울특별시 용산구 한남동 76-42번지 ,"서울특별시 용산구 한남대로 59, 지하1층 (한남동, 남한빌딩)",04401,리복 크로스핏 센티널 원Ⅱ,체력단련장업,사립
295,CDFH3301062014000006,폐업,폐업,792-2102,140892,서울특별시 용산구 한남동 683-141번지 ,"서울특별시 용산구 이태원로 244, 2층 (한남동)",140892,gymin korea,체력단련장업,사립
296,CDFH3301062016000001,폐업,폐업,,,서울특별시 용산구 갈월동 69-109번지 ,"서울특별시 용산구 한강대로 313, 지하2층 (갈월동)",04320,패스트앤슬로우 컨설팅그룹,체력단련장업,사립
297,CDFH3301062016000003,폐업,폐업,,,서울특별시 용산구 원효로1가 39-10번지 ,"서울특별시 용산구 원효로 259-1, 2층 (원효로1가)",04314,칼라퍼스널 트레이닝,체력단련장업,사립
298,CDFH3301062012000004,폐업,폐업,,140807,서울특별시 용산구 갈월동 89-14번지 ,"서울특별시 용산구 한강대로 275-1, 1층 (갈월동)",140807,ACE휘트니스,체력단련장업,사립
299,CDFH3301062013000002,폐업,폐업,,140160,서울특별시 용산구 남영동 65-3번지 ,서울특별시 용산구 한강대로 278-8 (남영동),04352,라이더훌라스포츠센타,체력단련장업,사립
300,CDFH3301062013000003,폐업,폐업,,140884,서울특별시 용산구 한남동 261-6번지 ,"서울특별시 용산구 독서당로 67, 4층 1호 (한남동)",140884,코어짐(core gym)3호점,체력단련장업,사립
